Local: ,01-Jan-00,08:01:49 AM,tz_sec ,0
Linux Epoch (ms): ,946684909000
Epoch Delta TS,X,Y,Z,Magnitude
28800776,-86,143,184,248.396859884
28800817,-103,140,185,253.838531354
28800857,-100,140,191,257.06224927
28800898,-93,142,188,253.292321242
28800938,-89,140,187,249.9799992
28800979,-93,141,185,250.509480859
28801019,-87,145,182,248.431076961
28801059,-90,143,182,248.340492067
28801100,-93,142,187,252.550984952
28801140,-93,142,179,246.686035276
28801181,-100,140,190,256.32011236
28801222,-95,140,192,255.908186661
28801262,-85,143,184,248.052413816
28801303,-88,148,188,254.935285906
28801343,-95,142,188,254.033462363
28801384,-93,140,187,251.431899329
28801424,-97,137,188,252.035711755
28801465,-90,140,188,251.08564276
28801506,-89,139,184,247.180096286
28801546,-84,140,184,245.991869784
28801587,-89,142,185,249.61971076
28801627,-89,143,188,252.416322769
28801668,-88,140,188,250.375717672
28801708,-100,144,185,254.874478911
28801749,-98,139,179,246.912940123
28801790,-85,139,184,245.768183458
28801830,-89,140,185,248.487424229
28801871,-95,143,183,250.924291371
28801911,-84,147,184,250.041996473
28801952,-88,143,185,249.835946173
28801992,-90,140,185,248.847342763
28802032,-94,143,180,248.364651269
28802073,-88,142,185,249.264919313
28802113,-85,140,183,245.589087705
28802154,-89,146,188,254.127920544
28802194,-81,143,188,249.707829273
28802235,-87,140,192,253.047426385
28802276,-87,142,190,252.651934487
28802316,-98,140,183,250.385702467
28802357,-93,143,187,253.114598552
28802397,-88,139,183,246.077223651
28802438,-91,140,187,250.699022734
28802478,-97,144,184,252.984189229
28802519,-101,137,188,253.602050465
28802560,-95,143,188,254.593794111
28802600,-92,143,184,250.537422354
28802641,-100,144,192,260
28802681,-93,140,182,247.73574631
28802722,-96,142,185,252.200317208
28802762,-92,143,195,258.723790943
28802803,-89,146,192,257.101147411
28802844,-89,142,188,251.851146513
28802884,-90,142,184,249.238841275
28802925,-89,142,190,253.347587318
28802965,-101,140,188,255.235185662
28803005,-96,140,190,254.786184869
28803045,-92,137,184,247.161890266
28803086,-103,145,183,255.192084517
28803127,-93,140,187,251.431899329
28803167,-103,140,188,256.033200972
28803208,-85,143,188,251.033862258
28803248,-90,142,182,247.766018655
28803289,-92,145,184,251.684326091
28803330,-96,147,179,250.730931478
28803370,-89,140,183,247.002024283
28803411,-90,140,184,248.104816559
28803451,-98,142,185,252.96837747
28803492,-93,137,185,248.280083776
28803532,-97,141,184,251.288678615
28803573,-98,140,191,256.290850402
28803614,-88,140,187,249.625719829
28803654,-89,140,188,250.728937301
28803695,-95,140,191,255.1587741
28803735,-100,137,185,250.98605539
28803776,-85,142,188,250.465566496
28803816,-85,135,177,238.283444662
28803857,-89,138,190,251.127457678
28803898,-97,139,185,250.908349801
28803938,-93,139,184,248.648346063
28803979,-103,142,188,257.132261686
28804018,-95,140,187,252.178508204
28804059,-93,143,183,250.17393949
28804100,-98,146,188,257.417948092
28804140,-89,140,185,248.487424229
28804181,-92,140,183,248.098770654
28804221,-88,142,185,249.264919313
28804262,-90,141,187,250.898385806
28804302,-97,138,185,250.355746888
28804343,-96,144,190,257.00583651
28804384,-93,142,190,254.780297511
28804424,-100,148,185,257.155594923
28804465,-100,143,184,253.584305508
28804505,-81,142,185,246.880537913
28804546,-90,139,184,247.541915643
28804586,-97,139,187,252.386608203
28804627,-104,140,185,254.24594392
28804668,-95,147,190,258.32924728
28804708,-93,148,185,254.515225478
28804749,-90,139,186,249.032126442
28804789,-98,147,187,257.258624734
28804830,-101,145,188,258.011627645
28804870,-88,142,188,251.499502982
28804911,-92,143,188,253.489644759
28804952,-89,142,187,251.105555494
28804992,-85,137,188,247.665096451
28805032,-97,143,185,253.146202816
28805072,-95,144,188,255.156814528
28805113,-89,143,184,249.451398072
28805154,-89,140,183,247.002024283
28805194,-88,143,184,249.096366894
28805235,-89,142,188,251.851146513
28805275,-89,139,183,246.436604424
28805316,-88,143,176,243.246788262
28805356,-97,143,183,251.688299291
28805397,-89,143,184,249.451398072
28805438,-89,143,184,249.451398072
28805478,-88,143,183,248.358611689
28805519,-100,143,184,253.584305508
28805559,-93,143,190,255.338990364
28805600,-97,144,193,259.60354389
28805640,-89,143,190,253.909432672
28805681,-89,141,184,248.310289759
28805722,-90,142,185,249.977999032
28805762,-92,143,185,251.272760163
28805803,-85,142,182,245.993902363
28805843,-93,140,190,253.67104683
28805884,-87,142,184,248.171311799
28805925,-89,147,185,252.49752474
28805965,-88,143,185,249.835946173
28806005,-89,143,184,249.451398072
28806045,-85,140,182,244.844848833
28806086,-93,141,187,251.99007917
28806126,-88,140,185,248.131013781
28806167,-89,143,183,248.714695987
28806208,-90,144,184,250.38370554
28806248,-97,140,187,252.938727758
28806289,-85,143,185,248.795096415
28806329,-100,144,187,256.329865603
28806370,-98,145,187,256.121065124
28806410,-100,143,192,259.44748987
28806451,-97,143,184,252.416322769
28806492,-89,140,185,248.487424229
28806532,-93,143,187,253.114598552
28806573,-101,145,188,258.011627645
28806613,-93,142,186,251.811437389
28806654,-84,139,185,246.174734691
28806694,-90,144,188,253.33771926
28806735,-94,140,188,252.547025324
28806776,-89,144,185,250.762836162
28806816,-89,145,184,250.603272125
28806857,-90,142,182,247.766018655
28806897,-100,145,188,257.621815846
28806938,-97,143,185,253.146202816
28806979,-93,143,185,251.640616753
28807018,-89,137,185,246.809643248
28807059,-91,140,185,249.210754182
28807099,-89,140,184,247.743819297
28807140,-97,138,185,250.355746888
28807180,-98,143,190,257.202255045
28807221,-82,143,188,250.033997688
28807262,-96,143,180,249.128480909
28807302,-101,143,190,258.360213655
28807343,-97,142,184,251.851146513
28807383,-89,145,190,255.041173147
28807424,-89,143,183,248.714695987
28807464,-92,137,183,246.418343473
28807505,-93,143,188,253.854288914
28807546,-100,143,188,256.501461984
28807586,-90,140,191,253.339692903
28807627,-89,143,185,250.189927855
28807667,-92,140,184,248.83729624
28807708,-87,145,183,249.164604228
28807748,-85,143,186,249.53957602
28807789,-93,142,183,249.60368587
28807830,-100,148,190,260.775765745
28807870,-85,144,190,253.102745935
28807911,-87,142,184,248.171311799
28807951,-100,143,184,253.584305508
28807992,-100,140,187,254.10430929
28808032,-95,142,185,251.821365257
28808072,-92,142,187,252.184456301
28808113,-98,143,184,252.802294293
28808153,-98,143,187,254.994117579
28808194,-88,144,185,250.40966435
28808234,-84,136,185,244.493353693
28808275,-103,145,184,255.910140479
28808316,-95,137,182,246.815720731
28808356,-90,143,184,249.809927745
28808397,-103,147,188,259.926912804
28808437,-93,140,187,251.431899329
28808478,-88,145,187,252.4638588
28808518,-93,143,184,250.906357034
28808559,-93,140,179,245.540220738
28808600,-90,142,187,251.46172671
28808640,-97,137,188,252.035711755
28808681,-98,143,182,251.350353093
28808721,-100,140,180,248.99799196
28808762,-89,140,183,247.002024283
28808802,-98,145,183,253.215323391
28808843,-84,144,184,248.290152845
28808884,-84,143,185,248.455227355
28808924,-100,144,184,254.149562266
28808965,-87,145,184,249.899979992
28809004,-98,141,185,252.408399226
28809045,-101,143,190,258.360213655
28809086,-98,144,188,256.288899486
28809126,-88,142,184,248.523640727
28809167,-90,143,187,252.027776247
28809207,-93,150,179,251.376212081
28809248,-93,147,192,259.079138489
28809288,-95,143,187,253.85625854
28809329,-88,143,185,249.835946173
28809370,-89,145,187,252.814160996
28809410,-89,142,190,253.347587318
28809451,-93,148,182,252.34302051
28809491,-87,143,184,248.744849193
28809532,-89,146,184,251.183200075
28809572,-93,140,188,252.176525474
28809613,-96,142,187,253.67104683
28809654,-89,142,192,254.850936824
28809694,-87,144,188,252.287534373
28809735,-93,147,188,256.128873812
28809775,-98,145,187,256.121065124
28809816,-87,144,184,249.32107813
28809856,-87,138,184,245.904452989
28809897,-93,140,188,252.176525474
28809938,-100,145,184,254.717490566
28809978,-97,143,183,251.688299291
28810018,-88,139,187,249.066256245
28810058,-98,145,188,256.852097519
28810099,-90,140,180,245.153013443
28810139,-100,144,190,258.526594377
28810180,-95,140,188,252.920936263
28810221,-87,142,184,248.171311799
28810261,-93,140,184,249.20874784
28810302,-93,143,184,250.906357034
28810342,-94,140,188,252.547025324
28810383,-97,143,179,248.795096415
28810424,-101,140,184,252.3033888
28810464,-96,144,187,254.795996829
28810505,-93,143,184,250.906357034
28810545,-92,140,184,248.83729624
28810586,-96,143,187,254.23217735
28810626,-98,140,189,254.803846125
28810667,-95,140,184,249.961997112
28810708,-103,145,184,255.910140479
28810748,-95,143,185,252.386608203
28810789,-97,142,191,257.009727442
28810829,-92,143,188,253.489644759
28810870,-85,143,187,250.285836595
28810910,-97,140,184,250.728937301
28810951,-92,143,191,255.722505854
28810992,-90,143,184,249.809927745
28811031,-89,144,184,250.025998648
28811072,-108,140,185,255.908186661
28811112,-90,144,184,250.38370554
28811153,-100,144,186,255.601251953
28811193,-97,143,191,257.563584383
28811234,-96,143,184,252.033727902
28811275,-92,140,184,248.83729624
28811315,-89,140,184,247.743819297
28811356,-85,140,184,246.335137567
28811396,-87,140,184,247.032386541
28811437,-89,143,185,250.189927855
28811478,-93,142,182,248.871452762
28811518,-103,143,184,254.782259979
28811559,-97,143,188,255.346822968
28811599,-89,147,188,254.703749482
28811640,-90,142,188,252.206264791
28811680,-93,143,187,253.114598552
28811721,-87,144,182,247.848744197
28811762,-85,146,180,246.8623098
28811802,-99,143,185,253.919278512
28811843,-101,144,182,253.102745935
28811883,-101,142,190,257.808068144
28811924,-95,143,189,255.333115753
28811964,-92,143,182,249.072278666
28812004,-89,147,190,256.183527964
28812045,-89,140,188,250.728937301
28812085,-89,143,188,252.416322769
28812126,-92,140,185,249.57764323
28812166,-95,140,184,249.961997112
28812207,-96,142,184,251.467691762
28812247,-89,143,188,252.416322769
28812288,-93,147,188,256.128873812
28812329,-88,143,191,254.31083343
28812369,-87,144,188,252.287534373
28812410,-85,143,183,247.311544413
28812450,-98,151,184,257.412120927
28812491,-97,144,179,249.371209244
28812531,-92,142,187,252.184456301
28812572,-97,146,188,257.038907561
28812613,-85,147,190,254.821506157
28812653,-93,143,185,251.640616753
28812694,-87,144,190,253.781401998
28812734,-89,143,184,249.451398072
28812775,-90,140,184,248.104816559
28812816,-85,140,184,246.335137567
28812856,-89,137,183,245.31408439
28812897,-93,148,184,253.789282674
28812937,-100,140,190,256.32011236
28812978,-95,145,185,253.525146682
28813017,-97,144,185,253.712435643
28813058,-95,143,192,257.561643107
28813099,-90,144,184,250.38370554
28813139,-96,140,183,249.609695325
28813180,-100,142,188,255.945306657
28813220,-97,139,185,250.908349801
28813261,-103,143,188,257.685855258
28813301,-97,137,188,252.035711755
28813342,-100,140,188,254.841126979
28813383,-93,139,185,249.389253979
28813423,-93,133,182,243.848313507
28813464,-100,140,187,254.10430929
28813504,-97,140,185,251.463715076
28813545,-92,144,192,257.029181223
28813585,-92,144,185,251.843205189
28813626,-98,137,184,249.457411195
28813667,-90,136,184,245.869884288
28813707,-89,143,188,252.416322769
28813748,-103,143,184,254.782259979
28813788,-87,147,184,251.065728446
28813829,-90,140,188,251.08564276
28813870,-89,139,182,245.694932793
28813910,-87,140,183,246.288448775
28813951,-97,143,184,252.416322769
28813991,-90,145,184,250.9601562
28814031,-104,144,187,257.916653204
28814071,-92,144,183,250.377714663
28814112,-100,142,187,255.211676849
28814153,-90,143,184,249.809927745
28814193,-88,144,185,250.40966435
28814234,-90,140,182,246.625221743
28814274,-103,144,190,259.701752016
28814315,-88,144,187,251.890849377
28814355,-100,143,184,253.584305508
28814396,-95,143,188,254.593794111
28814437,-95,142,184,251.087634104
28814477,-89,142,188,251.851146513
28814518,-87,141,179,243.907769454
28814558,-95,141,183,249.789911726
28814599,-98,140,179,247.477271684
28814639,-96,147,184,254.324595743
28814680,-97,142,188,254.788147291
28814721,-100,148,184,256.437126797
28814761,-92,139,183,247.535855989
28814802,-89,142,185,249.61971076
28814842,-97,142,192,257.75375846
28814883,-89,148,184,252.350946105
28814923,-89,143,184,249.451398072
28814964,-93,142,187,252.550984952
28815004,-95,143,190,256.074207994
28815044,-100,143,190,257.970928595
28815085,-95,143,185,252.386608203
28815125,-100,147,187,258.027130356
28815166,-89,143,184,249.451398072
28815207,-93,144,184,251.4776332
28815247,-87,144,185,250.059992802
28815288,-92,144,184,251.109537852
28815328,-90,142,184,249.238841275
28815369,-89,142,185,249.61971076
28815409,-88,143,185,249.835946173
28815450,-101,144,184,254.544691557
28815491,-97,143,183,251.688299291
28815531,-98,144,188,256.288899486
28815572,-97,140,188,253.678930934
28815612,-98,143,191,257.941853913
28815653,-93,143,190,255.338990364
28815693,-89,144,183,249.290994623
28815734,-95,137,185,249.036141955
28815775,-89,145,192,256.534598056
28815815,-95,143,184,251.654525093
28815856,-88,145,183,249.515530579
28815896,-89,139,182,245.694932793
28815937,-89,145,179,246.955461572
28815977,-88,143,182,247.62269686
28816017,-97,147,180,251.82930727
28816058,-88,140,179,243.690377323
28816098,-88,142,185,249.264919313
28816139,-92,147,182,251.390135049
28816179,-96,145,188,256.095685243
28816220,-100,147,189,259.48024973
28816261,-96,143,189,255.70686342
28816301,-90,145,188,253.907463459
28816342,-92,145,184,251.684326091
28816382,-92,145,184,251.684326091
28816423,-90,144,184,250.38370554
28816463,-98,144,184,253.369295693
28816504,-89,147,192,257.670332014
28816545,-84,143,183,246.969633761
28816585,-103,143,184,254.782259979
28816626,-95,143,184,251.654525093
28816666,-104,144,183,255.031370619
28816707,-97,140,183,249.995999968
28816747,-89,143,185,250.189927855
28816788,-97,140,184,250.728937301
28816829,-96,143,191,257.188646717
28816869,-101,140,175,245.817005107
28816910,-96,143,187,254.23217735
28816950,-87,143,188,251.71809629
28816991,-97,137,188,252.035711755
28817031,-97,140,187,252.938727758
28817071,-98,142,185,252.96837747
28817112,-100,140,183,251.175237633
28817152,-93,141,182,248.302235189
28817193,-98,142,184,252.237982865
28817233,-96,141,188,253.852319272
28817274,-89,142,188,251.851146513
28817314,-97,143,190,256.822896176
28817355,-98,143,188,255.728371519
28817396,-93,144,188,254.418945835
28817436,-96,143,184,252.033727902
28817477,-93,143,179,247.263017858
28817517,-90,143,182,248.340492067
28817558,-89,140,188,250.728937301
28817599,-99,144,182,252.31131564
28817639,-95,140,184,249.961997112
28817680,-85,142,182,245.993902363
28817720,-95,143,180,248.744849193
28817761,-98,143,177,247.753910161
28817801,-100,143,184,253.584305508
28817842,-89,143,184,249.451398072
28817883,-88,142,179,244.844848833
28817923,-93,148,192,259.647838427
28817964,-98,142,187,254.434667449
28818003,-100,143,188,256.501461984
28818044,-90,137,187,248.672475357
28818084,-92,147,185,253.570503016
28818125,-97,147,191,259.805696627
28818166,-97,143,188,255.346822968
28818206,-85,142,183,246.734675309
28818247,-89,147,182,250.307810505
28818287,-95,139,183,248.666443253
28818328,-82,147,184,249.377224301
28818368,-92,147,186,254.301002751
28818409,-90,143,188,252.77064703
28818450,-97,144,188,255.908186661
28818490,-98,145,184,253.938969046
28818531,-89,139,184,247.180096286
28818571,-87,140,185,247.778126557
28818612,-99,144,184,253.757758502
28818653,-97,147,185,255.427093316
28818693,-97,140,185,251.463715076
28818734,-93,139,188,251.622733472
28818774,-93,142,190,254.780297511
28818815,-92,144,182,249.647751842
28818855,-96,143,188,254.968625521
28818896,-93,144,188,254.418945835
28818937,-97,143,184,252.416322769
28818977,-92,144,191,256.28304665
28819017,-97,140,188,253.678930934
28819057,-88,141,186,249.441375878
28819098,-102,144,189,258.574940781
28819138,-95,147,190,258.32924728
28819179,-88,144,191,254.874478911
28819220,-87,147,192,256.986380962
28819260,-93,141,191,254.972547542
28819301,-100,144,180,251.268780393
28819341,-87,144,187,251.54323684
28819382,-89,142,183,248.141088899
28819422,-93,139,180,245.703072834
28819463,-96,139,188,252.746908982
28819504,-84,144,192,254.275441205
28819544,-88,145,184,250.249875125
28819585,-90,143,187,252.027776247
28819625,-89,139,188,250.171940873
28819666,-92,144,186,252.578700606
28819707,-89,145,185,251.338417278
28819747,-89,142,187,251.105555494
28819788,-88,139,187,249.066256245
28819828,-92,143,192,256.470271182
28819869,-90,140,183,247.364104106
28819909,-89,143,184,249.451398072
28819950,-92,143,184,250.537422354
28819991,-87,137,184,245.344655536
28820030,-90,141,190,253.142252498
28820071,-87,143,182,247.269084198
28820111,-87,139,190,250.978086693
28820152,-88,144,185,250.40966435
28820192,-93,143,177,245.819039132
28820233,-101,140,188,255.235185662
28820274,-92,142,187,252.184456301
28820314,-92,140,183,248.098770654
28820355,-97,142,188,254.788147291
28820395,-90,143,185,250.547400705
28820436,-88,140,188,250.375717672
28820476,-95,142,184,251.087634104
28820517,-90,140,184,248.104816559
28820558,-98,142,190,256.647618341
28820598,-89,143,188,252.416322769
28820639,-93,140,184,249.20874784
28820679,-96,143,192,257.932161624
28820720,-97,143,191,257.563584383
28820761,-101,139,191,256.910490249
28820801,-90,145,190,255.391855782
28820842,-89,140,190,252.23203603
28820882,-92,142,191,255.164652724
28820923,-95,143,184,251.654525093
28820963,-90,142,183,248.50150905
28821003,-100,140,188,254.841126979
28821044,-87,143,190,253.215323391
28821084,-95,143,188,254.593794111
28821125,-85,140,188,249.337121183
28821165,-87,141,184,247.600484652
28821206,-100,144,188,257.060304209
28821246,-87,143,190,253.215323391
28821287,-95,142,184,251.087634104
28821328,-100,143,185,254.31083343
28821368,-97,145,188,256.472220718
28821409,-93,143,184,250.906357034
28821449,-96,143,185,252.764712727
28821490,-97,140,184,250.728937301
28821531,-93,143,188,253.854288914
28821571,-93,143,184,250.906357034
28821612,-98,147,186,256.532648994
28821652,-101,148,190,261.160869963
28821693,-93,143,184,250.906357034
28821733,-97,143,192,258.306020061
28821774,-93,143,184,250.906357034
28821815,-92,143,183,249.803923108
28821855,-89,143,184,249.451398072
28821896,-93,143,188,253.854288914
28821936,-101,145,187,257.283889896
28821977,-97,139,190,254.617359974
28822016,-90,139,182,246.05893603
