"Local: ",01-Jan-00,08:01:49 AM,"tz_sec ",0
"Linux Epoch (ms): ",946684909000,,,,,,,,,,,,,,,,,,,
,SLOT C (300.00Hz),,,SLOT D (300.00Hz),,,,SLOT E (300.00Hz),,,,SLOT F (300.00Hz),,,,SLOT G (300.00Hz),,,
,ADPDCLAppStream,,,ADPDCLAppStream,,,,ADPDCLAppStream,,,,ADPDCLAppStream,,,,ADPDCLAppStream,,,
,Epoch Delta TS,S1,,Epoch Delta TS,S1,S2,,Epoch Delta TS,S1,S2,,Epoch Delta TS,S1,S2,,Epoch Delta TS,S1,S2,
,28800898,2241,,28800898,208088,0,,28800898,1553,0,,28800898,213415,199,,28800898,388132,0
,28800898,2120,,28800898,208024,0,,28800898,1568,10,,28800898,213227,139,,28800898,388102,0
,28800979,2257,,28800979,207924,0,,28800979,1525,12,,28800979,213158,139,,28800979,388061,0
,28800979,2182,,28800979,207925,0,,28800979,1555,47,,28800979,213162,176,,28800979,388113,0
,28801059,2288,,28801059,207884,0,,28801059,1583,30,,28801059,213107,97,,28801059,388122,0
,28801059,2306,,28801059,207903,0,,28801059,1583,34,,28801059,213138,152,,28801059,388160,0
,28801140,2086,,28801140,207950,0,,28801140,1467,61,,28801140,213166,177,,28801140,388160,0
,28801140,2208,,28801140,207959,0,,28801140,1529,41,,28801140,213218,161,,28801140,388197,0
,28801222,2244,,28801222,207968,0,,28801222,1556,38,,28801222,213157,171,,28801222,388182,0
,28801222,2207,,28801222,207923,0,,28801222,1622,19,,28801222,213210,122,,28801222,388155,0
,28801303,2252,,28801303,208060,0,,28801303,1551,41,,28801303,213237,135,,28801303,388268,0
,28801303,2262,,28801303,208114,0,,28801303,1578,51,,28801303,213300,154,,28801303,388240,0
,28801384,2261,,28801384,208204,0,,28801384,1542,8,,28801384,213431,172,,28801384,388297,0
,28801384,2263,,28801384,208259,0,,28801384,1587,67,,28801384,213495,134,,28801384,388314,0
,28801465,2204,,28801465,208371,0,,28801465,1536,18,,28801465,213553,159,,28801465,388316,0
,28801465,2266,,28801465,208469,0,,28801465,1558,0,,28801465,213674,154,,28801465,388388,0
,28801546,2302,,28801546,208528,0,,28801546,1539,15,,28801546,213772,143,,28801546,388394,0
,28801546,2127,,28801546,208692,0,,28801546,1586,54,,28801546,213847,166,,28801546,388398,0
,28801627,2371,,28801627,208699,0,,28801627,1514,19,,28801627,213835,164,,28801627,388387,0
,28801627,2218,,28801627,208594,0,,28801627,1616,0,,28801627,213670,117,,28801627,388330,0
,28801708,2247,,28801708,208489,0,,28801708,1527,33,,28801708,213590,166,,28801708,388262,0
,28801708,2217,,28801708,208413,4,,28801708,1599,21,,28801708,213573,124,,28801708,388360,0
,28801790,2253,,28801790,208451,0,,28801790,1531,53,,28801790,213491,153,,28801790,388371,0
,28801790,2217,,28801790,208463,0,,28801790,1577,52,,28801790,213465,133,,28801790,388377,0
,28801871,2231,,28801871,208458,0,,28801871,1547,74,,28801871,213472,167,,28801871,388371,0
,28801871,2268,,28801871,208460,0,,28801871,1544,45,,28801871,213504,172,,28801871,388373,0
,28801952,2227,,28801952,208448,0,,28801952,1622,68,,28801952,213456,137,,28801952,388347,0
,28801952,2192,,28801952,208468,0,,28801952,1542,3,,28801952,213450,188,,28801952,388333,0
,28802032,2227,,28802032,208516,0,,28802032,1535,37,,28802032,213501,135,,28802032,388383,0
,28802032,2083,,28802032,208566,0,,28802032,1595,61,,28802032,213535,180,,28802032,388393,0
,28802113,2255,,28802113,208650,0,,28802113,1553,34,,28802113,213563,170,,28802113,388447,0
,28802113,2167,,28802113,208743,0,,28802113,1456,26,,28802113,213661,157,,28802113,388463,0
,28802194,2180,,28802194,208798,0,,28802194,1533,65,,28802194,213730,158,,28802194,388519,0
,28802194,2242,,28802194,208879,0,,28802194,1503,67,,28802194,213821,156,,28802194,388529,0
,28802276,2310,,28802276,208960,0,,28802276,1485,60,,28802276,213905,150,,28802276,388560,0
,28802276,2194,,28802276,209071,0,,28802276,1557,62,,28802276,213974,175,,28802276,388560,0
,28802357,2223,,28802357,209133,0,,28802357,1567,29,,28802357,214070,166,,28802357,388561,0
,28802357,2274,,28802357,209119,0,,28802357,1540,45,,28802357,214003,163,,28802357,388509,0
,28802438,2274,,28802438,209068,0,,28802438,1563,21,,28802438,213803,125,,28802438,388499,0
,28802438,2190,,28802438,208974,0,,28802438,1457,70,,28802438,213714,173,,28802438,388493,0
,28802519,2309,,28802519,208901,0,,28802519,1532,0,,28802519,213657,142,,28802519,388484,0
,28802519,2207,,28802519,208935,0,,28802519,1505,54,,28802519,213634,186,,28802519,388513,0
,28802600,2199,,28802600,208986,0,,28802600,1531,27,,28802600,213622,170,,28802600,388534,0
,28802600,2234,,28802600,208952,0,,28802600,1555,17,,28802600,213641,183,,28802600,388520,0
,28802681,2222,,28802681,208977,0,,28802681,1608,54,,28802681,213675,156,,28802681,388546,0
,28802681,2303,,28802681,208948,0,,28802681,1527,36,,28802681,213600,194,,28802681,388489,0
,28802762,2099,,28802762,208948,0,,28802762,1516,29,,28802762,213566,180,,28802762,388502,0
,28802762,2346,,28802762,209030,0,,28802762,1562,0,,28802762,213636,146,,28802762,388541,0
,28802844,2259,,28802844,209017,0,,28802844,1512,36,,28802844,213642,146,,28802844,388569,0
,28802844,2109,,28802844,209078,0,,28802844,1643,52,,28802844,213681,134,,28802844,388533,0
,28802925,2260,,28802925,209176,0,,28802925,1559,60,,28802925,213774,152,,28802925,388572,0
,28802925,2185,,28802925,209220,0,,28802925,1542,41,,28802925,213855,113,,28802925,388593,0
,28803005,2243,,28803005,209327,0,,28803005,1535,38,,28803005,213908,163,,28803005,388614,0
,28803005,2301,,28803005,209430,0,,28803005,1573,45,,28803005,213979,177,,28803005,388613,0
,28803086,2244,,28803086,209447,0,,28803086,1526,61,,28803086,214043,178,,28803086,388568,0
,28803086,2214,,28803086,209584,0,,28803086,1569,0,,28803086,214114,168,,28803086,388613,0
,28803167,2226,,28803167,209560,0,,28803167,1512,94,,28803167,214065,180,,28803167,388560,0
,28803167,2279,,28803167,209492,0,,28803167,1497,12,,28803167,213936,154,,28803167,388474,0
,28803248,2193,,28803248,209446,0,,28803248,1551,90,,28803248,213817,131,,28803248,388446,0
,28803248,2206,,28803248,209378,0,,28803248,1577,14,,28803248,213766,152,,28803248,388427,0
,28803330,2179,,28803330,209372,0,,28803330,1526,36,,28803330,213734,181,,28803330,388503,0
,28803330,2218,,28803330,209322,0,,28803330,1486,67,,28803330,213696,142,,28803330,388432,0
,28803411,2192,,28803411,209305,0,,28803411,1583,74,,28803411,213706,165,,28803411,388405,0
,28803411,2174,,28803411,209302,0,,28803411,1577,46,,28803411,213584,167,,28803411,388408,0
,28803492,2185,,28803492,209254,0,,28803492,1507,0,,28803492,213613,134,,28803492,388321,0
,28803492,2229,,28803492,209264,0,,28803492,1521,46,,28803492,213531,126,,28803492,388351,0
,28803573,2168,,28803573,209318,0,,28803573,1549,9,,28803573,213623,184,,28803573,388421,0
,28803573,2294,,28803573,209333,0,,28803573,1523,0,,28803573,213631,151,,28803573,388345,0
,28803654,2237,,28803654,209369,0,,28803654,1552,5,,28803654,213664,183,,28803654,388390,0
,28803654,2199,,28803654,209433,0,,28803654,1525,0,,28803654,213720,125,,28803654,388402,0
,28803735,2210,,28803735,209434,0,,28803735,1577,0,,28803735,213782,152,,28803735,388415,0
,28803735,2219,,28803735,209550,0,,28803735,1567,33,,28803735,213842,134,,28803735,388449,0
,28803816,2203,,28803816,209569,0,,28803816,1547,55,,28803816,213888,169,,28803816,388374,0
,28803816,2317,,28803816,209609,0,,28803816,1572,53,,28803816,213961,171,,28803816,388351,0
,28803898,2293,,28803898,209625,0,,28803898,1574,49,,28803898,213923,126,,28803898,388326,0
,28803898,2246,,28803898,209521,0,,28803898,1596,7,,28803898,213787,142,,28803898,388272,0
,28803979,2258,,28803979,209466,0,,28803979,1573,28,,28803979,213655,132,,28803979,388254,0
,28803979,2160,,28803979,209452,0,,28803979,1519,51,,28803979,213595,146,,28803979,388315,0
,28804059,2231,,28804059,209445,0,,28804059,1483,49,,28804059,213588,159,,28804059,388327,0
,28804059,2196,,28804059,209428,0,,28804059,1627,48,,28804059,213546,159,,28804059,388312,0
,28804140,2182,,28804140,209441,0,,28804140,1505,18,,28804140,213626,135,,28804140,388331,0
,28804140,2221,,28804140,209489,0,,28804140,1518,87,,28804140,213636,155,,28804140,388302,0
,28804221,2212,,28804221,209444,0,,28804221,1541,4,,28804221,213566,143,,28804221,388278,0
,28804221,2285,,28804221,209412,0,,28804221,1530,31,,28804221,213582,143,,28804221,388334,0
,28804302,2181,,28804302,209438,0,,28804302,1641,62,,28804302,213545,158,,28804302,388367,0
,28804302,2245,,28804302,209482,0,,28804302,1491,44,,28804302,213580,151,,28804302,388379,0
,28804384,2184,,28804384,209550,0,,28804384,1596,3,,28804384,213643,144,,28804384,388449,0
,28804384,2158,,28804384,209586,0,,28804384,1517,55,,28804384,213690,148,,28804384,388441,0
,28804465,2150,,28804465,209658,0,,28804465,1530,40,,28804465,213781,185,,28804465,388520,0
,28804465,2323,,28804465,209709,0,,28804465,1592,32,,28804465,213887,140,,28804465,388494,0
,28804546,2135,,28804546,209803,0,,28804546,1592,26,,28804546,214005,160,,28804546,388563,0
,28804546,2271,,28804546,209830,0,,28804546,1472,29,,28804546,214058,169,,28804546,388554,0
,28804627,2194,,28804627,209963,0,,28804627,1500,53,,28804627,213952,137,,28804627,388608,0
,28804627,2335,,28804627,210039,0,,28804627,1543,31,,28804627,213901,152,,28804627,388654,0
,28804708,2199,,28804708,210072,0,,28804708,1508,17,,28804708,213854,178,,28804708,388612,0
,28804708,2225,,28804708,210135,0,,28804708,1494,80,,28804708,213877,162,,28804708,388679,0
,28804789,2231,,28804789,210199,0,,28804789,1493,0,,28804789,213879,174,,28804789,388738,0
,28804789,2227,,28804789,210219,0,,28804789,1562,30,,28804789,213887,173,,28804789,388727,0
,28804870,2173,,28804870,210324,0,,28804870,1525,25,,28804870,213905,149,,28804870,388698,0
,28804870,2221,,28804870,210327,0,,28804870,1510,50,,28804870,213886,168,,28804870,388719,0
,28804952,2264,,28804952,210336,0,,28804952,1555,0,,28804952,213866,199,,28804952,388727,0
,28804952,2053,,28804952,210359,0,,28804952,1536,33,,28804952,213901,163,,28804952,388782,0
,28805032,2219,,28805032,210358,0,,28805032,1638,15,,28805032,213882,135,,28805032,388801,0
,28805032,2201,,28805032,210444,0,,28805032,1560,85,,28805032,213971,179,,28805032,388786,0
,28805113,2225,,28805113,210500,0,,28805113,1472,43,,28805113,214012,119,,28805113,388872,0
,28805113,2271,,28805113,210568,0,,28805113,1515,25,,28805113,214073,195,,28805113,388898,0
,28805194,2322,,28805194,210606,0,,28805194,1560,31,,28805194,214117,98,,28805194,388956,0
,28805194,2259,,28805194,210648,0,,28805194,1496,0,,28805194,214274,175,,28805194,388968,0
,28805275,2235,,28805275,210697,0,,28805275,1601,95,,28805275,214287,161,,28805275,389042,0
,28805275,2214,,28805275,210737,0,,28805275,1542,0,,28805275,214390,171,,28805275,389014,0
,28805356,2259,,28805356,210654,0,,28805356,1551,85,,28805356,214102,147,,28805356,388996,0
,28805356,2214,,28805356,210487,0,,28805356,1574,66,,28805356,213957,133,,28805356,389013,0
,28805438,2219,,28805438,210314,0,,28805438,1469,11,,28805438,213802,144,,28805438,389043,0
,28805438,2218,,28805438,210241,0,,28805438,1589,38,,28805438,213683,159,,28805438,389053,0
,28805519,2245,,28805519,210176,0,,28805519,1586,54,,28805519,213630,161,,28805519,389096,0
,28805519,2158,,28805519,210140,0,,28805519,1455,3,,28805519,213574,161,,28805519,389119,0
,28805600,2154,,28805600,210093,0,,28805600,1564,9,,28805600,213510,135,,28805600,389117,0
,28805600,2166,,28805600,210029,0,,28805600,1576,0,,28805600,213463,146,,28805600,389120,0
,28805681,2280,,28805681,210038,0,,28805681,1573,29,,28805681,213426,150,,28805681,389112,0
,28805681,2252,,28805681,209966,0,,28805681,1480,39,,28805681,213386,116,,28805681,389082,0
,28805762,2217,,28805762,209980,0,,28805762,1596,12,,28805762,213363,159,,28805762,389148,0
,28805762,2316,,28805762,210019,0,,28805762,1614,29,,28805762,213434,166,,28805762,389183,0
,28805843,2281,,28805843,210042,0,,28805843,1494,87,,28805843,213420,129,,28805843,389208,0
,28805843,2231,,28805843,210144,0,,28805843,1526,52,,28805843,213516,143,,28805843,389228,0
,28805925,2233,,28805925,210181,0,,28805925,1579,16,,28805925,213540,147,,28805925,389318,0
,28805925,2257,,28805925,210256,0,,28805925,1571,6,,28805925,213607,186,,28805925,389274,0
,28806005,2187,,28806005,210283,0,,28806005,1542,50,,28806005,213692,154,,28806005,389327,0
,28806005,2206,,28806005,210375,0,,28806005,1477,0,,28806005,213766,177,,28806005,389357,0
,28806086,2223,,28806086,210415,0,,28806086,1515,50,,28806086,213750,194,,28806086,389370,0
,28806086,2125,,28806086,210339,0,,28806086,1513,61,,28806086,213603,156,,28806086,389290,0
,28806167,2247,,28806167,210230,0,,28806167,1587,48,,28806167,213434,148,,28806167,389305,0
,28806167,2277,,28806167,210127,0,,28806167,1541,62,,28806167,213271,176,,28806167,389323,0
,28806248,2251,,28806248,210087,0,,28806248,1514,30,,28806248,213193,151,,28806248,389379,0
,28806248,2307,,28806248,209989,0,,28806248,1544,0,,28806248,213086,173,,28806248,389332,0
,28806329,2279,,28806329,210015,0,,28806329,1630,42,,28806329,213018,145,,28806329,389356,0
,28806329,2212,,28806329,209910,0,,28806329,1498,0,,28806329,213008,156,,28806329,389342,0
,28806410,2239,,28806410,209920,0,,28806410,1615,36,,28806410,212977,115,,28806410,389311,0
,28806410,2231,,28806410,209828,0,,28806410,1548,16,,28806410,212886,152,,28806410,389322,0
,28806492,2306,,28806492,209861,0,,28806492,1614,58,,28806492,212917,149,,28806492,389342,0
,28806492,2224,,28806492,209859,0,,28806492,1573,23,,28806492,212882,174,,28806492,389370,0
,28806573,2266,,28806573,209926,0,,28806573,1610,57,,28806573,212902,175,,28806573,389378,0
,28806573,2232,,28806573,209934,0,,28806573,1552,56,,28806573,212951,163,,28806573,389376,0
,28806654,2284,,28806654,210008,0,,28806654,1601,56,,28806654,212992,142,,28806654,389364,0
,28806654,2177,,28806654,210027,0,,28806654,1466,62,,28806654,213104,149,,28806654,389326,0
,28806735,2215,,28806735,210115,0,,28806735,1537,43,,28806735,213159,142,,28806735,389367,0
,28806735,2259,,28806735,210141,0,,28806735,1573,22,,28806735,213195,167,,28806735,389359,0
,28806816,2286,,28806816,210220,0,,28806816,1586,0,,28806816,213232,197,,28806816,389327,0
,28806816,2233,,28806816,210299,0,,28806816,1528,29,,28806816,213309,153,,28806816,389360,0
,28806897,2186,,28806897,210402,0,,28806897,1526,75,,28806897,213382,146,,28806897,389343,0
,28806897,2162,,28806897,210387,0,,28806897,1526,8,,28806897,213368,128,,28806897,389228,0
,28806979,2256,,28806979,210283,0,,28806979,1556,7,,28806979,213153,166,,28806979,389182,0
,28806979,2178,,28806979,210196,0,,28806979,1596,33,,28806979,212972,174,,28806979,389148,0
,28807059,2246,,28807059,210165,0,,28807059,1575,43,,28807059,212859,154,,28807059,389146,0
,28807059,2226,,28807059,210106,0,,28807059,1540,54,,28807059,212751,129,,28807059,389102,0
,28807140,2223,,28807140,210109,0,,28807140,1486,45,,28807140,212695,171,,28807140,389097,0
,28807140,2190,,28807140,210107,0,,28807140,1575,34,,28807140,212666,160,,28807140,389054,0
,28807221,2186,,28807221,210063,0,,28807221,1525,106,,28807221,212670,147,,28807221,389001,0
,28807221,2252,,28807221,210061,0,,28807221,1501,19,,28807221,212529,161,,28807221,389000,0
,28807302,2239,,28807302,210080,0,,28807302,1520,72,,28807302,212506,156,,28807302,388970,0
,28807302,2224,,28807302,210126,0,,28807302,1469,48,,28807302,212448,135,,28807302,388900,0
,28807383,2227,,28807383,210179,0,,28807383,1524,53,,28807383,212513,193,,28807383,388997,0
,28807383,2197,,28807383,210219,28,,28807383,1543,0,,28807383,212539,177,,28807383,388955,0
,28807464,2236,,28807464,210322,0,,28807464,1434,41,,28807464,212556,131,,28807464,389015,0
,28807464,2220,,28807464,210419,0,,28807464,1617,62,,28807464,212648,131,,28807464,389042,0
,28807546,2233,,28807546,210460,0,,28807546,1590,25,,28807546,212679,154,,28807546,389061,0
,28807546,2251,,28807546,210551,0,,28807546,1601,50,,28807546,212767,166,,28807546,389026,0
,28807627,2298,,28807627,210659,0,,28807627,1569,30,,28807627,212814,138,,28807627,389041,0
,28807627,2168,,28807627,210703,0,,28807627,1554,53,,28807627,212881,160,,28807627,389042,0
,28807708,2283,,28807708,210636,0,,28807708,1498,35,,28807708,212695,189,,28807708,389002,0
,28807708,2220,,28807708,210555,0,,28807708,1544,63,,28807708,212524,145,,28807708,388981,0
,28807789,2198,,28807789,210521,0,,28807789,1562,46,,28807789,212390,144,,28807789,389018,0
,28807789,2179,,28807789,210454,0,,28807789,1564,41,,28807789,212325,144,,28807789,388984,0
,28807870,2230,,28807870,210472,0,,28807870,1578,18,,28807870,212295,141,,28807870,388976,0
,28807870,2237,,28807870,210435,0,,28807870,1611,33,,28807870,212298,184,,28807870,389009,0
,28807951,2264,,28807951,210478,0,,28807951,1551,26,,28807951,212267,173,,28807951,389016,0
,28807951,2197,,28807951,210449,0,,28807951,1554,79,,28807951,212213,199,,28807951,388987,0
,28808032,2205,,28808032,210445,0,,28808032,1607,38,,28808032,212182,173,,28808032,388981,0
,28808032,2190,,28808032,210455,0,,28808032,1561,35,,28808032,212182,148,,28808032,389018,0
,28808113,2200,,28808113,210480,0,,28808113,1522,46,,28808113,212181,123,,28808113,389079,0
,28808113,2226,,28808113,210562,0,,28808113,1564,38,,28808113,212234,181,,28808113,389097,0
,28808194,2180,,28808194,210599,0,,28808194,1522,55,,28808194,212293,196,,28808194,389088,0
,28808194,2174,,28808194,210665,0,,28808194,1525,1,,28808194,212343,138,,28808194,389129,0
,28808275,2316,,28808275,210788,0,,28808275,1571,56,,28808275,212466,148,,28808275,389138,0
,28808275,2232,,28808275,210798,0,,28808275,1604,38,,28808275,212490,134,,28808275,389138,0
,28808356,2186,,28808356,210861,0,,28808356,1589,54,,28808356,212574,112,,28808356,389199,0
,28808356,2232,,28808356,210930,0,,28808356,1529,80,,28808356,212627,105,,28808356,389173,0
,28808437,2313,,28808437,210912,0,,28808437,1565,90,,28808437,212523,141,,28808437,389104,0
,28808437,2216,,28808437,210779,0,,28808437,1457,65,,28808437,212334,151,,28808437,389120,0
,28808518,2346,,28808518,210653,0,,28808518,1575,26,,28808518,212224,138,,28808518,389121,0
,28808518,2217,,28808518,210667,0,,28808518,1515,0,,28808518,212105,165,,28808518,389159,0
,28808600,2203,,28808600,210583,0,,28808600,1535,68,,28808600,212055,160,,28808600,389189,0
,28808600,2254,,28808600,210531,0,,28808600,1557,19,,28808600,212040,145,,28808600,389168,0
,28808681,2092,,28808681,210485,0,,28808681,1604,17,,28808681,212070,179,,28808681,389161,0
,28808681,2179,,28808681,210486,0,,28808681,1586,72,,28808681,212009,168,,28808681,389195,0
,28808762,2139,,28808762,210469,0,,28808762,1532,33,,28808762,211963,200,,28808762,389188,0
,28808762,2176,,28808762,210425,0,,28808762,1510,45,,28808762,211880,122,,28808762,389197,0
,28808843,2253,,28808843,210454,23,,28808843,1561,58,,28808843,211945,175,,28808843,389233,0
,28808843,2195,,28808843,210443,0,,28808843,1516,60,,28808843,211962,164,,28808843,389242,0
,28808924,2206,,28808924,210515,0,,28808924,1560,52,,28808924,212010,143,,28808924,389288,0
,28808924,2233,,28808924,210561,0,,28808924,1541,62,,28808924,212088,152,,28808924,389301,0
,28809004,2232,,28809004,210573,0,,28809004,1448,24,,28809004,212161,135,,28809004,389321,0
,28809004,2206,,28809004,210659,0,,28809004,1627,21,,28809004,212237,189,,28809004,389290,0
,28809086,2145,,28809086,210723,0,,28809086,1615,57,,28809086,212309,165,,28809086,389352,0
,28809086,2247,,28809086,210773,0,,28809086,1547,4,,28809086,212427,189,,28809086,389368,0
,28809167,2287,,28809167,210804,0,,28809167,1564,27,,28809167,212404,148,,28809167,389358,0
,28809167,2215,,28809167,210772,0,,28809167,1532,55,,28809167,212287,161,,28809167,389301,0
,28809248,2198,,28809248,210639,0,,28809248,1560,50,,28809248,212069,166,,28809248,389245,0
,28809248,2247,,28809248,210546,0,,28809248,1508,51,,28809248,211936,157,,28809248,389278,0
,28809329,2262,,28809329,210480,0,,28809329,1498,54,,28809329,211860,171,,28809329,389293,0
,28809329,2175,,28809329,210417,0,,28809329,1491,64,,28809329,211806,157,,28809329,389299,0
,28809410,2198,,28809410,210370,0,,28809410,1580,57,,28809410,211793,130,,28809410,389292,0
,28809410,2267,,28809410,210347,0,,28809410,1578,32,,28809410,211748,194,,28809410,389225,0
,28809491,2193,,28809491,210348,0,,28809491,1577,68,,28809491,211755,170,,28809491,389206,0
,28809491,2224,,28809491,210224,0,,28809491,1581,40,,28809491,211686,165,,28809491,389190,0
,28809572,2286,,28809572,210205,0,,28809572,1579,10,,28809572,211686,152,,28809572,389231,0
,28809572,2202,,28809572,210235,0,,28809572,1563,54,,28809572,211622,146,,28809572,389261,0
,28809654,2181,,28809654,210280,0,,28809654,1513,0,,28809654,211685,197,,28809654,389278,0
,28809654,2295,,28809654,210307,0,,28809654,1600,0,,28809654,211731,164,,28809654,389261,0
,28809735,2165,,28809735,210328,0,,28809735,1538,41,,28809735,211800,126,,28809735,389222,0
,28809735,2215,,28809735,210330,0,,28809735,1580,22,,28809735,211841,185,,28809735,389283,0
,28809816,2159,,28809816,210380,0,,28809816,1506,57,,28809816,211885,158,,28809816,389249,0
,28809816,2199,,28809816,210439,0,,28809816,1560,87,,28809816,211943,132,,28809816,389256,0
,28809897,2229,,28809897,210484,0,,28809897,1566,0,,28809897,211976,139,,28809897,389261,0
,28809897,2258,,28809897,210510,0,,28809897,1583,66,,28809897,212024,149,,28809897,389227,0
,28809978,2278,,28809978,210470,0,,28809978,1602,14,,28809978,211932,120,,28809978,389158,0
,28809978,2227,,28809978,210297,0,,28809978,1538,35,,28809978,211743,163,,28809978,389085,0
,28810058,2277,,28810058,210174,0,,28810058,1569,45,,28810058,211576,180,,28810058,389059,0
,28810058,2299,,28810058,210144,0,,28810058,1572,47,,28810058,211480,166,,28810058,389101,0
,28810139,2238,,28810139,210018,0,,28810139,1529,41,,28810139,211399,174,,28810139,389026,0
,28810139,2224,,28810139,210008,0,,28810139,1589,43,,28810139,211381,145,,28810139,389020,0
,28810221,2236,,28810221,209938,0,,28810221,1619,35,,28810221,211362,146,,28810221,388938,0
,28810221,2224,,28810221,209923,0,,28810221,1490,15,,28810221,211281,165,,28810221,388957,0
,28810302,2237,,28810302,209832,0,,28810302,1559,0,,28810302,211204,163,,28810302,388929,0
,28810302,2229,,28810302,209803,0,,28810302,1536,32,,28810302,211190,161,,28810302,388880,0
,28810383,2202,,28810383,209799,0,,28810383,1547,19,,28810383,211181,184,,28810383,388876,0
,28810383,2220,,28810383,209814,0,,28810383,1531,5,,28810383,211230,173,,28810383,388884,0
,28810464,2185,,28810464,209823,0,,28810464,1555,89,,28810464,211225,164,,28810464,388808,0
,28810464,2204,,28810464,209875,0,,28810464,1493,43,,28810464,211325,161,,28810464,388865,0
,28810545,2291,,28810545,209983,0,,28810545,1555,0,,28810545,211411,147,,28810545,388830,0
,28810545,2271,,28810545,210009,0,,28810545,1548,4,,28810545,211464,158,,28810545,388842,0
,28810626,2275,,28810626,210121,0,,28810626,1541,30,,28810626,211521,148,,28810626,388895,0
,28810626,2108,,28810626,210156,0,,28810626,1605,24,,28810626,211627,141,,28810626,388876,0
,28810708,2260,,28810708,210090,0,,28810708,1551,49,,28810708,211539,178,,28810708,388779,0
,28810708,2259,,28810708,209964,0,,28810708,1543,26,,28810708,211339,156,,28810708,388733,0
,28810789,2181,,28810789,209877,0,,28810789,1578,86,,28810789,211214,130,,28810789,388749,0
,28810789,2118,,28810789,209792,0,,28810789,1511,45,,28810789,211159,143,,28810789,388762,0
,28810870,2228,,28810870,209728,0,,28810870,1541,32,,28810870,211134,168,,28810870,388772,0
,28810870,2266,,28810870,209712,0,,28810870,1630,24,,28810870,211117,187,,28810870,388742,0
,28810951,2249,,28810951,209721,0,,28810951,1588,36,,28810951,211082,188,,28810951,388763,0
,28810951,2244,,28810951,209726,0,,28810951,1607,6,,28810951,211097,174,,28810951,388717,0
,28811031,2205,,28811031,209606,0,,28811031,1488,17,,28811031,211093,128,,28811031,388745,0
,28811031,2220,,28811031,209608,0,,28811031,1510,10,,28811031,211052,157,,28811031,388739,0
,28811112,2167,,28811112,209586,0,,28811112,1531,59,,28811112,211132,168,,28811112,388766,0
,28811112,2228,,28811112,209586,0,,28811112,1536,2,,28811112,211161,135,,28811112,388792,0
,28811193,2237,,28811193,209674,0,,28811193,1494,39,,28811193,211242,160,,28811193,388800,0
,28811193,2232,,28811193,209723,0,,28811193,1563,52,,28811193,211317,177,,28811193,388856,0
,28811275,2236,,28811275,209752,0,,28811275,1544,54,,28811275,211421,168,,28811275,388847,0
,28811275,2275,,28811275,209818,0,,28811275,1560,2,,28811275,211487,152,,28811275,388831,0
,28811356,2240,,28811356,209867,0,,28811356,1570,48,,28811356,211584,179,,28811356,388869,0
,28811356,2350,,28811356,209932,0,,28811356,1508,31,,28811356,211627,165,,28811356,388905,0
,28811437,2213,,28811437,209891,0,,28811437,1588,19,,28811437,211616,181,,28811437,388841,0
,28811437,2245,,28811437,209756,0,,28811437,1550,24,,28811437,211471,159,,28811437,388811,0
,28811518,2209,,28811518,209665,0,,28811518,1522,59,,28811518,211309,162,,28811518,388807,0
,28811518,2217,,28811518,209505,0,,28811518,1560,54,,28811518,211227,160,,28811518,388833,0
,28811599,2265,,28811599,209491,0,,28811599,1492,58,,28811599,211178,169,,28811599,388824,0
,28811599,2180,,28811599,209434,0,,28811599,1447,34,,28811599,211215,163,,28811599,388797,0
,28811680,2250,,28811680,209380,0,,28811680,1462,61,,28811680,211246,199,,28811680,388801,0
,28811680,2206,,28811680,209356,0,,28811680,1584,68,,28811680,211230,137,,28811680,388811,0
,28811762,2213,,28811762,209329,0,,28811762,1521,25,,28811762,211189,157,,28811762,388811,0
,28811762,2291,,28811762,209297,0,,28811762,1537,36,,28811762,211180,131,,28811762,388835,0
,28811843,2228,,28811843,209287,0,,28811843,1489,5,,28811843,211225,179,,28811843,388829,0
,28811843,2183,,28811843,209332,0,,28811843,1579,42,,28811843,211289,178,,28811843,388915,0
,28811924,2219,,28811924,209345,0,,28811924,1501,22,,28811924,211319,160,,28811924,388882,0
,28811924,2248,,28811924,209389,0,,28811924,1546,69,,28811924,211425,150,,28811924,388908,0
,28812004,2259,,28812004,209445,0,,28812004,1549,28,,28812004,211518,160,,28812004,388928,0
,28812004,2353,,28812004,209466,0,,28812004,1603,35,,28812004,211605,149,,28812004,388944,0
,28812085,2240,,28812085,209501,0,,28812085,1565,16,,28812085,211692,153,,28812085,388952,0
,28812085,2112,,28812085,209602,0,,28812085,1566,35,,28812085,211752,173,,28812085,388967,0
,28812166,2138,,28812166,209653,0,,28812166,1553,67,,28812166,211788,173,,28812166,388944,0
,28812166,2273,,28812166,209527,0,,28812166,1567,61,,28812166,211743,182,,28812166,388856,0
,28812247,2312,,28812247,209414,0,,28812247,1492,13,,28812247,211555,167,,28812247,388870,0
,28812247,2247,,28812247,209285,0,,28812247,1510,0,,28812247,211474,148,,28812247,388916,0
,28812329,2266,,28812329,209201,0,,28812329,1528,43,,28812329,211402,184,,28812329,388955,0
,28812329,2214,,28812329,209115,0,,28812329,1548,0,,28812329,211384,154,,28812329,388932,0
,28812410,2240,,28812410,209073,0,,28812410,1563,42,,28812410,211398,175,,28812410,388917,0
,28812410,2191,,28812410,209004,0,,28812410,1538,92,,28812410,211414,120,,28812410,388870,0
,28812491,2171,,28812491,209017,0,,28812491,1547,65,,28812491,211380,129,,28812491,388925,0
,28812491,2228,,28812491,208974,0,,28812491,1476,34,,28812491,211364,161,,28812491,388896,0
,28812572,2209,,28812572,208969,0,,28812572,1556,37,,28812572,211454,137,,28812572,388889,0
,28812572,2359,,28812572,208959,0,,28812572,1607,24,,28812572,211434,180,,28812572,388947,0
,28812653,2268,,28812653,209045,0,,28812653,1488,69,,28812653,211471,177,,28812653,388958,0
,28812653,2223,,28812653,209033,0,,28812653,1489,57,,28812653,211595,120,,28812653,388992,0
,28812734,2251,,28812734,209069,0,,28812734,1603,24,,28812734,211669,199,,28812734,388997,0
,28812734,2253,,28812734,209160,0,,28812734,1487,65,,28812734,211716,181,,28812734,389000,0
,28812816,2168,,28812816,209200,0,,28812816,1592,68,,28812816,211807,135,,28812816,389035,0
,28812816,2256,,28812816,209248,0,,28812816,1473,16,,28812816,211917,207,,28812816,389055,0
,28812897,2278,,28812897,209347,0,,28812897,1518,44,,28812897,211991,118,,28812897,389045,0
,28812897,2242,,28812897,209283,0,,28812897,1578,13,,28812897,211971,146,,28812897,388961,0
,28812978,2239,,28812978,209120,0,,28812978,1574,67,,28812978,211775,163,,28812978,388910,0
,28812978,2257,,28812978,209041,0,,28812978,1575,0,,28812978,211695,165,,28812978,388938,0
,28813058,2185,,28813058,208947,0,,28813058,1579,48,,28813058,211613,157,,28813058,388918,0
,28813058,2208,,28813058,208915,0,,28813058,1558,57,,28813058,211635,165,,28813058,388885,0
,28813139,2187,,28813139,208899,0,,28813139,1503,83,,28813139,211709,162,,28813139,388927,0
,28813139,2243,,28813139,208953,0,,28813139,1518,29,,28813139,211719,160,,28813139,388892,0
,28813220,2227,,28813220,208926,0,,28813220,1581,17,,28813220,211773,174,,28813220,388872,0
,28813220,2231,,28813220,208924,0,,28813220,1563,43,,28813220,211714,185,,28813220,388788,0
,28813301,2196,,28813301,208951,0,,28813301,1575,58,,28813301,211726,162,,28813301,388784,0
,28813301,2255,,28813301,208965,0,,28813301,1445,2,,28813301,211759,139,,28813301,388747,0
,28813383,2267,,28813383,208972,0,,28813383,1589,32,,28813383,211793,146,,28813383,388779,0
,28813383,2227,,28813383,209044,0,,28813383,1486,63,,28813383,211868,143,,28813383,388793,0
,28813464,2220,,28813464,209207,0,,28813464,1589,44,,28813464,211971,107,,28813464,388720,0
,28813464,2216,,28813464,209254,0,,28813464,1532,7,,28813464,212043,159,,28813464,388769,0
,28813545,2224,,28813545,209312,0,,28813545,1510,83,,28813545,212137,137,,28813545,388717,0
,28813545,2205,,28813545,209394,0,,28813545,1547,26,,28813545,212231,174,,28813545,388723,0
,28813626,2253,,28813626,209537,0,,28813626,1567,88,,28813626,212288,145,,28813626,388740,0
,28813626,2225,,28813626,209559,0,,28813626,1452,46,,28813626,212311,186,,28813626,388688,0
,28813707,2192,,28813707,209470,0,,28813707,1661,101,,28813707,212190,155,,28813707,388659,0
,28813707,2259,,28813707,209409,0,,28813707,1547,60,,28813707,212092,142,,28813707,388637,0
,28813788,2253,,28813788,209399,0,,28813788,1596,55,,28813788,212078,175,,28813788,388692,0
,28813788,2266,,28813788,209360,0,,28813788,1531,33,,28813788,212074,152,,28813788,388698,0
,28813870,2282,,28813870,209378,0,,28813870,1596,36,,28813870,212133,166,,28813870,388716,0
,28813870,2202,,28813870,209384,0,,28813870,1551,44,,28813870,212155,157,,28813870,388698,0
,28813951,2211,,28813951,209414,0,,28813951,1484,46,,28813951,212148,163,,28813951,388700,0
,28813951,2246,,28813951,209444,0,,28813951,1586,37,,28813951,212170,129,,28813951,388722,0
,28814031,2230,,28814031,209417,0,,28814031,1563,38,,28814031,212149,145,,28814031,388740,0
,28814031,2265,,28814031,209475,0,,28814031,1526,18,,28814031,212199,165,,28814031,388789,0
,28814112,2168,,28814112,209527,0,,28814112,1531,74,,28814112,212272,173,,28814112,388848,0
,28814112,2176,,28814112,209615,0,,28814112,1559,25,,28814112,212353,121,,28814112,388878,0
,28814193,2215,,28814193,209645,0,,28814193,1610,92,,28814193,212478,160,,28814193,388871,0
,28814193,2189,,28814193,209794,0,,28814193,1549,38,,28814193,212559,173,,28814193,388897,0
,28814274,2197,,28814274,209854,0,,28814274,1562,21,,28814274,212650,149,,28814274,388913,0
,28814274,2163,,28814274,209942,0,,28814274,1494,63,,28814274,212780,187,,28814274,388917,0
,28814355,2260,,28814355,210005,0,,28814355,1564,19,,28814355,212816,143,,28814355,388963,0
,28814355,2247,,28814355,209958,0,,28814355,1571,5,,28814355,212796,177,,28814355,388869,0
,28814437,2243,,28814437,209869,0,,28814437,1549,56,,28814437,212650,132,,28814437,388877,0
,28814437,2311,,28814437,209725,0,,28814437,1502,93,,28814437,212508,160,,28814437,388900,0
,28814518,2252,,28814518,209707,0,,28814518,1461,34,,28814518,212516,169,,28814518,388921,0
,28814518,2122,,28814518,209683,0,,28814518,1473,21,,28814518,212475,186,,28814518,388970,0
,28814599,2281,,28814599,209694,0,,28814599,1520,13,,28814599,212471,169,,28814599,388989,0
,28814599,2234,,28814599,209691,0,,28814599,1531,21,,28814599,212481,149,,28814599,388985,0
,28814680,2340,,28814680,209649,0,,28814680,1527,45,,28814680,212527,152,,28814680,388998,0
,28814680,2256,,28814680,209632,0,,28814680,1593,38,,28814680,212520,172,,28814680,388975,0
,28814761,2218,,28814761,209609,0,,28814761,1500,20,,28814761,212523,164,,28814761,389015,0
,28814761,2343,,28814761,209643,0,,28814761,1542,76,,28814761,212539,148,,28814761,389060,0
,28814842,2208,,28814842,209661,0,,28814842,1574,58,,28814842,212610,169,,28814842,389090,0
,28814842,2290,,28814842,209704,0,,28814842,1619,66,,28814842,212671,144,,28814842,389122,0
,28814923,2251,,28814923,209799,0,,28814923,1528,61,,28814923,212772,152,,28814923,389176,0
,28814923,2274,,28814923,209840,0,,28814923,1494,74,,28814923,212851,159,,28814923,389144,0
,28815004,2269,,28815004,209882,0,,28815004,1511,17,,28815004,212922,167,,28815004,389168,0
,28815004,2249,,28815004,209973,0,,28815004,1574,15,,28815004,213006,157,,28815004,389201,0
,28815085,2222,,28815085,210021,0,,28815085,1536,41,,28815085,213146,175,,28815085,389209,0
,28815085,2250,,28815085,210056,0,,28815085,1590,17,,28815085,213210,172,,28815085,389190,0
,28815166,2211,,28815166,209993,0,,28815166,1522,13,,28815166,213157,135,,28815166,389092,0
,28815166,2089,,28815166,209876,0,,28815166,1566,28,,28815166,213050,190,,28815166,389040,0
,28815247,2212,,28815247,209807,0,,28815247,1537,38,,28815247,212946,111,,28815247,389175,0
,28815247,2252,,28815247,209738,0,,28815247,1554,44,,28815247,212917,156,,28815247,389166,0
,28815328,2272,,28815328,209679,0,,28815328,1589,23,,28815328,212906,118,,28815328,389165,0
,28815328,2165,,28815328,209693,0,,28815328,1507,15,,28815328,212852,162,,28815328,389163,0
,28815409,2249,,28815409,209623,0,,28815409,1501,16,,28815409,212888,154,,28815409,389129,0
,28815409,2240,,28815409,209644,0,,28815409,1555,44,,28815409,212855,144,,28815409,389150,0
,28815491,2183,,28815491,209572,0,,28815491,1550,1,,28815491,212881,130,,28815491,389155,0
,28815491,2242,,28815491,209616,0,,28815491,1531,64,,28815491,212904,155,,28815491,389168,0
,28815572,2213,,28815572,209596,0,,28815572,1532,46,,28815572,212941,156,,28815572,389220,0
,28815572,2201,,28815572,209703,0,,28815572,1525,33,,28815572,213013,127,,28815572,389225,0
,28815653,2276,,28815653,209705,0,,28815653,1551,33,,28815653,213077,153,,28815653,389254,0
,28815653,2248,,28815653,209781,0,,28815653,1604,11,,28815653,213170,141,,28815653,389276,0
,28815734,2194,,28815734,209816,0,,28815734,1583,3,,28815734,213240,142,,28815734,389263,0
,28815734,2154,,28815734,209893,0,,28815734,1522,50,,28815734,213351,212,,28815734,389291,0
,28815815,2303,,28815815,209929,0,,28815815,1539,49,,28815815,213451,131,,28815815,389381,0
,28815815,2196,,28815815,210023,0,,28815815,1550,48,,28815815,213593,140,,28815815,389377,0
,28815896,2278,,28815896,210144,0,,28815896,1521,18,,28815896,213694,163,,28815896,389395,0
,28815896,2291,,28815896,210218,0,,28815896,1602,58,,28815896,213840,117,,28815896,389399,0
,28815977,2260,,28815977,210323,0,,28815977,1530,78,,28815977,213908,148,,28815977,389436,0
,28815977,2312,,28815977,210285,0,,28815977,1503,18,,28815977,213833,144,,28815977,389344,0
,28816058,2227,,28816058,210177,0,,28816058,1484,17,,28816058,213724,172,,28816058,389369,0
,28816058,2181,,28816058,210104,0,,28816058,1546,52,,28816058,213680,148,,28816058,389334,0
,28816139,2252,,28816139,210059,0,,28816139,1558,19,,28816139,213673,123,,28816139,389361,0
,28816139,2182,,28816139,210024,0,,28816139,1473,5,,28816139,213683,161,,28816139,389366,0
,28816220,2239,,28816220,210053,0,,28816220,1584,1,,28816220,213669,146,,28816220,389370,0
,28816220,2197,,28816220,210032,0,,28816220,1566,66,,28816220,213765,148,,28816220,389313,0
,28816301,2273,,28816301,210065,0,,28816301,1568,8,,28816301,213773,140,,28816301,389320,0
,28816301,2076,,28816301,210055,0,,28816301,1616,98,,28816301,213771,144,,28816301,389298,0
,28816382,2222,,28816382,210084,0,,28816382,1590,89,,28816382,213794,109,,28816382,389306,0
,28816382,2266,,28816382,210097,0,,28816382,1573,64,,28816382,213886,142,,28816382,389293,0
,28816463,2232,,28816463,210173,0,,28816463,1567,5,,28816463,213951,145,,28816463,389386,0
,28816463,2211,,28816463,210287,0,,28816463,1556,16,,28816463,214033,160,,28816463,389382,0
,28816545,2141,,28816545,210361,0,,28816545,1585,93,,28816545,214116,167,,28816545,389361,0
,28816545,2265,,28816545,210415,0,,28816545,1576,26,,28816545,214257,110,,28816545,389382,0
,28816626,2288,,28816626,210531,0,,28816626,1514,32,,28816626,214313,164,,28816626,389411,0
,28816626,2188,,28816626,210616,0,,28816626,1576,43,,28816626,214419,131,,28816626,389380,0
,28816707,2190,,28816707,210710,0,,28816707,1563,30,,28816707,214505,154,,28816707,389400,0
,28816707,2220,,28816707,210808,0,,28816707,1565,54,,28816707,214621,161,,28816707,389427,0
,28816788,2161,,28816788,210936,0,,28816788,1500,45,,28816788,214748,166,,28816788,389436,0
,28816788,2153,,28816788,211072,0,,28816788,1652,18,,28816788,214906,209,,28816788,389425,0
,28816869,2297,,28816869,211038,0,,28816869,1675,32,,28816869,214821,140,,28816869,389295,0
,28816869,2232,,28816869,210996,0,,28816869,1566,35,,28816869,214742,168,,28816869,389297,0
,28816950,2288,,28816950,210919,0,,28816950,1523,37,,28816950,214721,129,,28816950,389307,0
,28816950,2262,,28816950,210912,0,,28816950,1601,48,,28816950,214703,196,,28816950,389301,0
,28817031,2211,,28817031,210940,0,,28817031,1480,13,,28817031,214733,173,,28817031,389268,0
,28817031,2210,,28817031,210987,0,,28817031,1535,22,,28817031,214780,150,,28817031,389280,0
,28817112,2219,,28817112,211009,0,,28817112,1621,44,,28817112,214853,146,,28817112,389307,0
,28817112,2185,,28817112,211091,0,,28817112,1594,8,,28817112,214885,136,,28817112,389308,0
,28817193,2116,,28817193,211115,0,,28817193,1540,70,,28817193,214915,185,,28817193,389318,0
,28817193,2252,,28817193,211086,0,,28817193,1564,30,,28817193,214964,172,,28817193,389380,0
,28817274,2228,,28817274,211178,0,,28817274,1508,31,,28817274,214992,141,,28817274,389350,0
,28817274,2222,,28817274,211236,0,,28817274,1522,14,,28817274,215055,144,,28817274,389372,0
,28817355,2231,,28817355,211335,1,,28817355,1530,48,,28817355,215170,161,,28817355,389386,0
,28817355,2287,,28817355,211396,0,,28817355,1612,62,,28817355,215243,182,,28817355,389395,0
,28817436,2248,,28817436,211474,0,,28817436,1488,69,,28817436,215383,144,,28817436,389451,0
,28817436,2188,,28817436,211612,0,,28817436,1558,46,,28817436,215470,137,,28817436,389451,0
,28817517,2240,,28817517,211630,0,,28817517,1546,12,,28817517,215586,177,,28817517,389487,0
,28817517,2170,,28817517,211777,0,,28817517,1543,44,,28817517,215671,144,,28817517,389535,0
,28817599,2177,,28817599,211845,0,,28817599,1553,78,,28817599,215751,125,,28817599,389483,0
,28817599,2327,,28817599,211803,0,,28817599,1612,45,,28817599,215696,151,,28817599,389458,0
,28817680,2251,,28817680,211652,0,,28817680,1500,96,,28817680,215632,176,,28817680,389427,0
,28817680,2238,,28817680,211714,0,,28817680,1514,34,,28817680,215578,207,,28817680,389414,0
,28817761,2310,,28817761,211650,0,,28817761,1523,0,,28817761,215628,124,,28817761,389461,0
,28817761,2166,,28817761,211672,0,,28817761,1595,2,,28817761,215569,164,,28817761,389493,0
,28817842,2183,,28817842,211701,0,,28817842,1558,24,,28817842,215632,163,,28817842,389435,0
,28817842,2244,,28817842,211636,0,,28817842,1553,21,,28817842,215666,136,,28817842,389377,0
,28817923,2225,,28817923,211675,0,,28817923,1553,40,,28817923,215655,167,,28817923,389390,0
,28817923,2330,,28817923,211699,0,,28817923,1529,44,,28817923,215680,160,,28817923,389396,0
,28818003,2188,,28818003,211731,0,,28818003,1574,57,,28818003,215690,157,,28818003,389498,0
,28818003,2268,,28818003,211825,0,,28818003,1567,35,,28818003,215780,160,,28818003,389532,0
,28818084,2223,,28818084,211862,0,,28818084,1573,42,,28818084,215815,147,,28818084,389502,0
,28818084,2262,,28818084,211916,0,,28818084,1536,86,,28818084,215938,171,,28818084,389467,0
,28818166,2218,,28818166,212020,0,,28818166,1532,26,,28818166,215968,144,,28818166,389557,0
,28818166,2202,,28818166,212105,0,,28818166,1562,40,,28818166,216067,155,,28818166,389491,0
,28818247,2233,,28818247,212219,0,,28818247,1526,59,,28818247,216157,179,,28818247,389529,0
,28818247,2173,,28818247,212276,0,,28818247,1479,9,,28818247,216262,131,,28818247,389603,0
,28818328,2196,,28818328,212342,0,,28818328,1621,66,,28818328,216277,144,,28818328,389632,0
,28818328,2187,,28818328,212280,0,,28818328,1521,48,,28818328,216236,140,,28818328,389569,0
,28818409,2225,,28818409,212211,0,,28818409,1696,28,,28818409,216059,149,,28818409,389585,0
,28818409,2187,,28818409,212100,0,,28818409,1528,37,,28818409,215995,191,,28818409,389573,0
,28818490,2311,,28818490,212070,0,,28818490,1574,15,,28818490,215968,131,,28818490,389633,0
,28818490,2152,,28818490,212015,0,,28818490,1603,64,,28818490,215931,185,,28818490,389594,0
,28818571,2282,,28818571,211994,0,,28818571,1526,36,,28818571,215923,150,,28818571,389593,0
,28818571,2279,,28818571,212001,0,,28818571,1562,24,,28818571,215916,168,,28818571,389538,0
,28818653,2287,,28818653,211918,0,,28818653,1466,64,,28818653,215875,132,,28818653,389558,0
,28818653,2194,,28818653,211901,0,,28818653,1529,19,,28818653,215883,166,,28818653,389480,0
,28818734,2208,,28818734,211879,0,,28818734,1520,37,,28818734,215844,132,,28818734,389557,0
,28818734,2231,,28818734,211962,0,,28818734,1526,52,,28818734,215838,134,,28818734,389549,0
,28818815,2197,,28818815,211911,0,,28818815,1576,47,,28818815,215841,188,,28818815,389578,0
,28818815,2235,,28818815,211853,0,,28818815,1541,46,,28818815,215846,155,,28818815,389555,0
,28818896,2225,,28818896,211854,0,,28818896,1588,42,,28818896,215859,155,,28818896,389572,0
,28818896,2222,,28818896,211910,0,,28818896,1570,72,,28818896,215944,127,,28818896,389640,0
,28818977,2241,,28818977,211920,0,,28818977,1455,20,,28818977,216000,156,,28818977,389573,0
,28818977,2193,,28818977,211934,0,,28818977,1523,73,,28818977,216055,180,,28818977,389604,0
,28819057,2282,,28819057,211964,0,,28819057,1567,68,,28819057,216086,146,,28819057,389591,0
,28819057,2214,,28819057,211868,21,,28819057,1586,48,,28819057,215959,150,,28819057,389509,0
,28819138,2185,,28819138,211723,0,,28819138,1534,0,,28819138,215766,151,,28819138,389466,0
,28819138,2222,,28819138,211546,3,,28819138,1567,50,,28819138,215625,147,,28819138,389455,0
,28819220,2252,,28819220,211423,0,,28819220,1578,11,,28819220,215501,172,,28819220,389520,0
,28819220,2279,,28819220,211303,0,,28819220,1543,50,,28819220,215413,154,,28819220,389454,0
,28819301,2251,,28819301,211232,0,,28819301,1515,32,,28819301,215376,160,,28819301,389439,0
,28819301,2238,,28819301,211127,0,,28819301,1508,9,,28819301,215343,150,,28819301,389458,0
,28819382,2210,,28819382,211081,0,,28819382,1514,0,,28819382,215281,165,,28819382,389353,0
,28819382,2215,,28819382,210912,0,,28819382,1539,83,,28819382,215145,147,,28819382,389323,0
,28819463,2167,,28819463,210902,0,,28819463,1609,21,,28819463,215088,154,,28819463,389334,0
,28819463,2200,,28819463,210799,0,,28819463,1561,81,,28819463,215050,140,,28819463,389323,0
,28819544,2248,,28819544,210770,0,,28819544,1513,11,,28819544,214998,174,,28819544,389304,0
,28819544,2212,,28819544,210744,0,,28819544,1534,27,,28819544,215052,140,,28819544,389322,0
,28819625,2243,,28819625,210741,0,,28819625,1552,54,,28819625,215057,126,,28819625,389268,0
,28819625,2178,,28819625,210750,0,,28819625,1534,20,,28819625,215060,174,,28819625,389259,0
,28819707,2194,,28819707,210751,0,,28819707,1549,0,,28819707,215051,199,,28819707,389250,0
,28819707,2247,,28819707,210684,0,,28819707,1534,25,,28819707,215132,151,,28819707,389260,0
,28819788,2274,,28819788,210737,0,,28819788,1585,63,,28819788,215169,160,,28819788,389173,0
,28819788,2244,,28819788,210658,0,,28819788,1584,53,,28819788,215050,170,,28819788,389117,0
,28819869,2225,,28819869,210489,0,,28819869,1623,71,,28819869,214818,138,,28819869,389073,0
,28819869,2101,,28819869,210265,0,,28819869,1563,45,,28819869,214591,150,,28819869,388967,0
,28819950,2203,,28819950,210176,0,,28819950,1553,6,,28819950,214404,138,,28819950,388971,0
,28819950,2171,,28819950,210023,0,,28819950,1541,23,,28819950,214297,129,,28819950,388921,0
,28820030,2244,,28820030,209908,0,,28820030,1531,0,,28820030,214167,108,,28820030,388910,0
,28820030,2257,,28820030,209837,0,,28820030,1589,30,,28820030,214099,135,,28820030,388852,0
,28820111,2159,,28820111,209693,0,,28820111,1559,47,,28820111,213981,195,,28820111,388804,0
,28820111,2229,,28820111,209632,0,,28820111,1528,57,,28820111,213832,174,,28820111,388732,0
,28820192,2235,,28820192,209543,0,,28820192,1560,15,,28820192,213746,167,,28820192,388713,0
,28820192,2296,,28820192,209465,0,,28820192,1471,31,,28820192,213671,162,,28820192,388728,0
,28820274,2250,,28820274,209496,0,,28820274,1505,80,,28820274,213675,151,,28820274,388732,0
,28820274,2239,,28820274,209496,0,,28820274,1584,41,,28820274,213647,178,,28820274,388745,0
,28820355,2210,,28820355,209531,0,,28820355,1564,70,,28820355,213641,172,,28820355,388743,0
,28820355,2237,,28820355,209549,0,,28820355,1474,27,,28820355,213669,179,,28820355,388750,0
,28820436,2193,,28820436,209515,0,,28820436,1535,31,,28820436,213722,160,,28820436,388739,0
,28820436,2195,,28820436,209581,0,,28820436,1561,3,,28820436,213779,158,,28820436,388753,0
,28820517,2215,,28820517,209603,0,,28820517,1492,30,,28820517,213759,171,,28820517,388683,0
,28820517,2254,,28820517,209493,0,,28820517,1576,26,,28820517,213613,162,,28820517,388633,0
,28820598,2272,,28820598,209371,0,,28820598,1568,0,,28820598,213361,182,,28820598,388589,0
,28820598,2201,,28820598,209225,0,,28820598,1557,39,,28820598,213191,146,,28820598,388550,0
,28820679,2223,,28820679,209187,0,,28820679,1524,73,,28820679,213061,145,,28820679,388608,0
,28820679,2245,,28820679,209110,0,,28820679,1597,40,,28820679,213028,125,,28820679,388609,0
,28820761,2351,,28820761,209103,0,,28820761,1606,0,,28820761,212959,163,,28820761,388651,0
,28820761,2290,,28820761,208994,0,,28820761,1523,14,,28820761,212900,130,,28820761,388594,0
,28820842,2235,,28820842,208948,0,,28820842,1527,28,,28820842,212860,138,,28820842,388510,0
,28820842,2161,,28820842,208900,0,,28820842,1573,31,,28820842,212706,145,,28820842,388498,0
,28820923,2223,,28820923,208846,0,,28820923,1620,32,,28820923,212720,158,,28820923,388523,0
,28820923,2259,,28820923,208859,0,,28820923,1594,45,,28820923,212625,173,,28820923,388529,0
,28821003,2171,,28821003,208833,0,,28821003,1599,64,,28821003,212662,133,,28821003,388544,0
,28821003,2244,,28821003,208891,0,,28821003,1527,7,,28821003,212689,183,,28821003,388570,0
,28821084,2182,,28821084,208938,0,,28821084,1545,19,,28821084,212730,148,,28821084,388579,0
,28821084,2189,,28821084,208958,0,,28821084,1499,43,,28821084,212776,163,,28821084,388580,0
,28821165,2285,,28821165,208984,0,,28821165,1525,25,,28821165,212850,194,,28821165,388626,0
,28821165,2198,,28821165,209017,0,,28821165,1593,45,,28821165,212880,141,,28821165,388622,0
,28821246,2178,,28821246,209104,0,,28821246,1549,0,,28821246,212951,138,,28821246,388568,0
,28821246,2234,,28821246,209046,0,,28821246,1575,20,,28821246,212844,143,,28821246,388533,0
,28821328,2220,,28821328,208953,0,,28821328,1563,0,,28821328,212625,170,,28821328,388504,0
,28821328,2224,,28821328,208790,9,,28821328,1543,60,,28821328,212408,147,,28821328,388472,0
,28821409,2259,,28821409,208671,0,,28821409,1499,8,,28821409,212295,165,,28821409,388461,0
,28821409,2151,,28821409,208559,0,,28821409,1596,44,,28821409,212170,158,,28821409,388495,0
,28821490,2167,,28821490,208542,0,,28821490,1612,11,,28821490,212104,152,,28821490,388450,0
,28821490,2153,,28821490,208529,0,,28821490,1548,44,,28821490,212067,141,,28821490,388458,0
,28821571,2201,,28821571,208448,0,,28821571,1482,38,,28821571,212003,185,,28821571,388467,0
,28821571,2228,,28821571,208489,0,,28821571,1518,67,,28821571,211947,173,,28821571,388481,0
,28821652,2302,,28821652,208388,0,,28821652,1487,0,,28821652,211907,161,,28821652,388485,0
,28821652,2242,,28821652,208431,0,,28821652,1591,50,,28821652,211832,174,,28821652,388459,0
,28821733,2265,,28821733,208374,0,,28821733,1607,55,,28821733,211868,165,,28821733,388492,0
,28821733,2159,,28821733,208407,0,,28821733,1603,34,,28821733,211917,151,,28821733,388496,0
,28821815,2156,,28821815,208423,0,,28821815,1536,59,,28821815,211916,158,,28821815,388450,0
,28821815,2261,,28821815,208454,0,,28821815,1523,0,,28821815,211976,150,,28821815,388477,0
,28821896,2137,,28821896,208527,0,,28821896,1646,39,,28821896,212045,181,,28821896,388535,0
,28821896,2231,,28821896,208579,0,,28821896,1586,93,,28821896,212088,157,,28821896,388523,0
,28821977,2236,,28821977,208596,0,,28821977,1576,31,,28821977,212174,156,,28821977,388541,0
,28821977,2286,,28821977,208758,0,,28821977,1457,32,,28821977,212242,173,,28821977,388531,0
,28822057,2267,,28822057,208743,0,,28822057,1529,52,,28822057,212225,150,,28822057,388502,0
,28822057,2266,,28822057,208677,0,,28822057,1512,52,,28822057,212079,124,,28822057,388433,0
,,,,,,,,,,,,,,,,
